{
  "culture": "el",
  "texts": {
    "Menu:IdentityManagement": "Διαχείριση ταυτότητας",
    "Users": "Χρήστες",
    "NewUser": "Νέος χρήστης",
    "UserName": "Όνομα χρήστη",
    "EmailAddress": "Διεύθυνση ηλεκτρονικού ταχυδρομείου",
    "PhoneNumber": "Τηλεφωνικό νούμερο",
    "UserInformations": "Πληροφορίες χρήστη",
    "DisplayName:IsDefault": "Προκαθορισμένο",
    "DisplayName:IsStatic": "Στατικός",
    "DisplayName:IsPublic": "Δημόσιο",
    "Roles": "Ρόλοι",
    "Password": "Κωδικός πρόσβασης",
    "PersonalInfo": "Το προφίλ μου",
    "PersonalSettings": "Προσωπικές ρυθμίσεις",
    "UserDeletionConfirmationMessage": "Ο χρήστης '{0}' θα διαγραφεί. Το επιβεβαιώνεις;",
    "RoleDeletionConfirmationMessage": "Ο ρόλος '{0}' θα διαγραφεί. Το επιβεβαιώνεις;",
    "DisplayName:RoleName": "Όνομα ρόλου",
    "DisplayName:UserName": "Όνομα χρήστη",
    "DisplayName:Name": "Όνομα",
    "DisplayName:Surname": "Επώνυμο",
    "DisplayName:Password": "Κωδικός πρόσβασης",
    "DisplayName:Email": "Διεύθυνση ηλεκτρονικού ταχυδρομείου",
    "DisplayName:PhoneNumber": "Τηλεφωνικό νούμερο",
    "DisplayName:TwoFactorEnabled": "Επαλήθευση δύο παραγόντων",
    "DisplayName:IsActive": "Ενεργός",
    "DisplayName:LockoutEnabled": "Κλείδωμα λογαριασμού",
    "NewRole": "Νέος ρόλος",
    "RoleName": "Όνομα ρόλου",
    "CreationTime": "Χρόνος δημιουργίας",
    "Permissions": "Δικαιώματα",
    "DisplayName:CurrentPassword": "Τρέχων κωδικός πρόσβασης",
    "DisplayName:NewPassword": "Νέος κωδικός πρόσβασης",
    "DisplayName:NewPasswordConfirm": "Επιβεβαιώστε τον καινούριο σας κωδικό",
    "PasswordChangedMessage": "Ο κωδικός πρόσβασης σας άλλαξε με επιτυχία.",
    "PersonalSettingsSavedMessage": "Οι προσωπικές σας ρυθμίσεις αποθηκεύτηκαν με επιτυχία.",
    "Volo.Abp.Identity:DefaultError": "Παρουσιάστηκε μια άγνωστη αποτυχία.",
    "Volo.Abp.Identity:ConcurrencyFailure": "Ο έλεγχος συγχρονισμού απέτυχε. Η οντότητα στην οποία εργάζεστε έχει τροποποιηθεί από άλλο χρήστη. Απορρίψτε τις αλλαγές σας και δοκιμάστε ξανά.",
    "Volo.Abp.Identity:DuplicateEmail": "Το email '{0}' υπάρχει ήδη.",
    "Volo.Abp.Identity:DuplicateRoleName": "Το όνομα ρόλου  '{0}' υπάρχει ήδη.",
    "Volo.Abp.Identity:DuplicateUserName":"Το Όνομα χρήστη'{0}'υπάρχει ήδη.",
    "Volo.Abp.Identity:InvalidEmail": "Το email '{0}' δεν είναι έγκυρο.",
    "Volo.Abp.Identity:InvalidPasswordHasherCompatibilityMode": "Η παρεχόμενη λειτουργία PasswordHasherCompatibilityMode δεν είναι έγκυρη.",
    "Volo.Abp.Identity:InvalidPasswordHasherIterationCount": "Το πλήθος των επαναλήψεων πρέπει να είναι θετικός ακέραιος.",
    "Volo.Abp.Identity:InvalidRoleName": "Το όνομα ρόλου '{0}' δεν είναι έγκυρο.",
    "Volo.Abp.Identity:InvalidToken": "Μη έγκυρο διακριτικό.",
    "Volo.Abp.Identity:InvalidUserName": "Το όνομα χρήστη '{0}' δεν είναι έγκυρο, μπορεί να περιέχει μόνο γράμματα ή ψηφία.",
    "InvalidUserName": "Το όνομα χρήστη '{0}' δεν είναι έγκυρο.",
    "Volo.Abp.Identity:LoginAlreadyAssociated": "Ένας χρήστης με αυτήν τη σύνδεση υπάρχει ήδη.",
    "Volo.Abp.Identity:PasswordMismatch": "Λάθος κωδικός.",
    "Volo.Abp.Identity:PasswordRequiresDigit": "Οι κωδικοί πρόσβασης πρέπει να έχουν τουλάχιστον ένα ψηφίο ('0'-'9').",
    "Volo.Abp.Identity:PasswordRequiresLower": "Οι κωδικοί πρόσβασης πρέπει να έχουν τουλάχιστον ένα πεζό ('a'-'z').",
    "Volo.Abp.Identity:PasswordRequiresNonAlphanumeric": "Οι κωδικοί πρόσβασης πρέπει να έχουν τουλάχιστον έναν μη αλφαριθμητικό χαρακτήρα.",
    "Volo.Abp.Identity:PasswordRequiresUpper": "Οι κωδικοί πρόσβασης πρέπει να έχουν τουλάχιστον ένα κεφαλαίο ('A'-'Z').",
    "Volo.Abp.Identity:PasswordTooShort": "Οι κωδικοί πρόσβασης πρέπει να είναι τουλάχιστον {0} χαρακτήρες.",
    "Volo.Abp.Identity:PasswordRequiresUniqueChars": "Οι κωδικοί πρόσβασης πρέπει να έχουν τουλάχιστον {0} μοναδικούς χαρακτήρες.",
    "Volo.Abp.Identity:RoleNotFound": "Ο ρόλος {0} δεν υπάρχει",
    "Volo.Abp.Identity:UserAlreadyHasPassword": "Ο χρήστης έχει ήδη ορίσει κωδικό πρόσβασης.",
    "Volo.Abp.Identity:UserAlreadyInRole": "Χρήστης ήδη στο ρόλο '{0}'.",
    "Volo.Abp.Identity:UserLockedOut": "Ο χρήστης είναι κλειδωμένος έξω.",
    "Volo.Abp.Identity:UserLockoutNotEnabled": "Το κλείδωμα δεν είναι ενεργοποιημένο για αυτόν τον χρήστη.",
    "Volo.Abp.Identity:UserNameNotFound": "Ο χρήστης {0} δεν υπάρχει.",
    "Volo.Abp.Identity:UserNotInRole": "Ο χρήστης δεν βρίσκεται στο ρόλο '{0}'.",
    "Volo.Abp.Identity:PasswordConfirmationFailed": "Ο κωδικός πρόσβασης δεν ταιριάζει με τον κωδικό επιβεβαίωσης.",
    "Volo.Abp.Identity:NullSecurityStamp": "Δεν είναι δυνατή η διαχείριση του σφραγίδας ασφαλείας για έναν χρήστη χωρίς σφραγίδα ασφαλείας.",
    "Volo.Abp.Identity:RecoveryCodeRedemptionFailed": "Η εξαργύρωση του κωδικού ανάκτησης απέτυχε.",
    "Volo.Abp.Identity:010001": "Δεν μπορείτε να διαγράψετε τον δικό σας λογαριασμό!",
    "Volo.Abp.Identity:010002": "Δεν μπορείτε να ορίσετε περισσότερες από {MaxUserMembershipCount} μονάδα οργάνωσης για έναν χρήστη!",
    "Volo.Abp.Identity:010003": "Δεν είναι δυνατή η αλλαγή του κωδικού πρόσβασης ενός εξωτερικά συνδεδεμένου χρήστη!",
    "Volo.Abp.Identity:010004": "Υπάρχει ήδη μια οργανωτική μονάδα με όνομα {0}. Δεν μπορούν να δημιουργηθούν δύο μονάδες με το ίδιο όνομα στο ίδιο επίπεδο.",
    "Volo.Abp.Identity:010005": "Οι στατικοί ρόλοι δεν μπορούν να μετονομαστούν.",
    "Volo.Abp.Identity:010006": "Οι στατικοί ρόλοι δεν μπορούν να διαγραφούν.",
    "Volo.Abp.Identity:010007": "Δεν μπορείτε να αλλάξετε τη ρύθμιση δύο παραγόντων.",
    "Volo.Abp.Identity:010008": "Δεν επιτρέπεται η αλλαγή της ρύθμισης δύο παραγόντων.",
    "Volo.Abp.Identity:010009": "Δεν μπορείτε να αναθέσετε την εξουσιοδότησή σας σε εσάς ίδιο.",
    "Volo.Abp.Identity:010021": "Το όνομα '{0}' υπάρχει ήδη.",
    "Identity.OrganizationUnit.MaxUserMembershipCount": "Μέγιστος επιτρεπόμενος αριθμός μελών μονάδας οργανισμού για έναν χρήστη",
    "ThisUserIsNotActiveMessage": "Αυτός ο χρήστης δεν είναι ενεργός.",
    "Permission:IdentityManagement": "Διαχείριση ταυτότητας",
    "Permission:RoleManagement": "Διαχείριση ρόλων",
    "Permission:Create": "Δημιουργία",
    "Permission:Edit": "Επεξεργασία",
    "Permission:Delete": "Διαγραφή",
    "Permission:ChangePermissions": "Αλλαγές στα δικαιώματα",
    "Permission:ManageRoles": "Διαχείριση ρόλων",
    "Permission:UserManagement": "Διαχείριση χρηστών",
    "Permission:UserLookup": "Αναζήτηση χρήστη",
    "DisplayName:Abp.Identity.Password.RequiredLength": "Απαιτούμενο μήκος",
    "DisplayName:Abp.Identity.Password.RequiredUniqueChars": "Απαιτούμενος μοναδικός αριθμός χαρακτήρων",
    "DisplayName:Abp.Identity.Password.RequireNonAlphanumeric": "Απαιτούμενος μη αλφαριθμητικός χαρακτήρας",
    "DisplayName:Abp.Identity.Password.RequireLowercase": "Απαιτούμενος πεζός χαρακτήρας",
    "DisplayName:Abp.Identity.Password.RequireUppercase": "Απαιτούμενος κεφαλαίος χαρακτήρας",
    "DisplayName:Abp.Identity.Password.RequireDigit": "Απαιτούμενο ψηφίο",
    "DisplayName:Abp.Identity.Password.ForceUsersToPeriodicallyChangePassword": "Επιβάλλεται η αλλαγή του κωδικού πρόσβασης",
    "DisplayName:Abp.Identity.Password.PasswordChangePeriodDays": "Διάρκεια κωδικού πρόσβασης (ημέρες)",
    "DisplayName:Abp.Identity.Lockout.AllowedForNewUsers": "Ενεργοποιήθηκε για νέους χρήστες",
    "DisplayName:Abp.Identity.Lockout.LockoutDuration": "Διάρκεια κλειδώματος (δευτερόλεπτα)",
    "DisplayName:Abp.Identity.Lockout.MaxFailedAccessAttempts": "Μέγιστες αποτυχημένες προσπάθειες πρόσβασης",
    "DisplayName:Abp.Identity.SignIn.RequireConfirmedEmail": "Απαιτείται επιβεβαιωμένο email",
    "DisplayName:Abp.Identity.SignIn.EnablePhoneNumberConfirmation": "Επιτρέψτε στους χρήστες να επιβεβαιώσουν τον αριθμό τηλεφώνου τους",
    "DisplayName:Abp.Identity.SignIn.RequireConfirmedPhoneNumber": "Απαιτείται επιβεβαιωμένος αριθμός τηλεφώνου",
    "DisplayName:Abp.Identity.User.IsUserNameUpdateEnabled": "Επιτρέψτε στους χρήστες να αλλάξουν τα ονόματα χρήστη τους",
    "DisplayName:Abp.Identity.User.IsEmailUpdateEnabled": "Επιτρέψτε στους χρήστες να αλλάξουν τις διευθύνσεις email τους",
    "Description:Abp.Identity.Password.RequiredLength": "Το ελάχιστο μήκος ενός κωδικού πρόσβασης πρέπει να είναι.",
    "Description:Abp.Identity.Password.RequiredUniqueChars": "Ο ελάχιστος αριθμός μοναδικών χαρακτήρων που πρέπει να περιέχει ένας κωδικός πρόσβασης.",
    "Description:Abp.Identity.Password.RequireNonAlphanumeric": "Εάν οι κωδικοί πρόσβασης πρέπει να περιέχουν έναν μη αλφαριθμητικό χαρακτήρα.",
    "Description:Abp.Identity.Password.RequireLowercase": "Εάν οι κωδικοί πρόσβασης πρέπει να περιέχουν πεζό χαρακτήρα ASCII.",
    "Description:Abp.Identity.Password.RequireUppercase": "Εάν οι κωδικοί πρόσβασης πρέπει να περιέχουν κεφαλαίο χαρακτήρα ASCII.",
    "Description:Abp.Identity.Password.RequireDigit": "Εάν οι κωδικοί πρόσβασης πρέπει να περιέχουν ένα ψηφίο.",
    "Description:Abp.Identity.Password.ForceUsersToPeriodicallyChangePassword": "Εάν οι χρήστες πρέπει να αλλάζουν τον κωδικό πρόσβασης τους με συχνότητα που ορίζεται από το PasswordChangePeriodDays.",
    "Description:Abp.Identity.Password.PasswordChangePeriodDays": "Η διάρκεια της περιόδου σε ημέρες μετά την οποία οι χρήστες πρέπει να αλλάζουν τον κωδικό πρόσβασης τους.",
    "Description:Abp.Identity.Lockout.AllowedForNewUsers": "Εάν ένας νέος χρήστης μπορεί να κλειδωθεί.",
    "Description:Abp.Identity.Lockout.LockoutDuration": "Η διάρκεια για την οποία ένας χρήστης είναι κλειδωμένος όταν εμφανίζεται ένα κλείδωμα.",
    "Description:Abp.Identity.Lockout.MaxFailedAccessAttempts": "Ο αριθμός των αποτυχημένων προσπαθειών πρόσβασης που επιτρέπονται πριν από το κλείδωμα ενός χρήστη, με την προϋπόθεση ότι το κλείδωμα είναι ενεργοποιημένο.",
    "Description:Abp.Identity.SignIn.RequireConfirmedEmail": "Εάν απαιτείται επιβεβαιωμένη διεύθυνση ηλεκτρονικού ταχυδρομείου για τη σύνδεση.",
    "Description:Abp.Identity.SignIn.EnablePhoneNumberConfirmation": "Εάν ο αριθμός τηλεφώνου μπορεί να επιβεβαιωθεί από τον χρήστη.",
    "Description:Abp.Identity.SignIn.RequireConfirmedPhoneNumber": "Εάν απαιτείται επιβεβαιωμένος αριθμός τηλεφώνου για τη σύνδεση.",
    "Description:Abp.Identity.User.IsUserNameUpdateEnabled": "Εάν το όνομα χρήστη μπορεί να ενημερωθεί από τον χρήστη.",
    "Description:Abp.Identity.User.IsEmailUpdateEnabled": "Εάν το email μπορεί να ενημερωθεί από τον χρήστη."
  }
}
