{
  "name": "Volo.Abp.PermissionManagement.HttpApi",
  "hash": "",
  "contents": [
    {
      "namespace": "Volo.Abp.PermissionManagement.HttpApi",
      "dependsOnModules": [
        {
          "declaringAssemblyName": "Volo.Abp.PermissionManagement.Application.Contracts",
          "namespace": "Volo.Abp.PermissionManagement",
          "name": "AbpPermissionManagementApplicationContractsModule"
        },
        {
          "declaringAssemblyName": "Volo.Abp.AspNetCore.Mvc",
          "namespace": "Volo.Abp.AspNetCore.Mvc",
          "name": "AbpAspNetCoreMvcModule"
        }
      ],
      "implementingInterfaces": [
        {
          "name": "IAbpModule",
          "namespace": "Volo.Abp.Modularity",
          "declaringAssemblyName": "Volo.Abp.Core",
          "fullName": "Volo.Abp.Modularity.IAbpModule"
        },
        {
          "name": "IOnPreApplicationInitialization",
          "namespace": "Volo.Abp.Modularity",
          "declaringAssemblyName": "Volo.Abp.Core",
          "fullName": "Volo.Abp.Modularity.IOnPreApplicationInitialization"
        },
        {
          "name": "IOnApplicationInitialization",
          "namespace": "Volo.Abp",
          "declaringAssemblyName": "Volo.Abp.Core",
          "fullName": "Volo.Abp.IOnApplicationInitialization"
        },
        {
          "name": "IOnPostApplicationInitialization",
          "namespace": "Volo.Abp.Modularity",
          "declaringAssemblyName": "Volo.Abp.Core",
          "fullName": "Volo.Abp.Modularity.IOnPostApplicationInitialization"
        },
        {
          "name": "IOnApplicationShutdown",
          "namespace": "Volo.Abp",
          "declaringAssemblyName": "Volo.Abp.Core",
          "fullName": "Volo.Abp.IOnApplicationShutdown"
        },
        {
          "name": "IPreConfigureServices",
          "namespace": "Volo.Abp.Modularity",
          "declaringAssemblyName": "Volo.Abp.Core",
          "fullName": "Volo.Abp.Modularity.IPreConfigureServices"
        },
        {
          "name": "IPostConfigureServices",
          "namespace": "Volo.Abp.Modularity",
          "declaringAssemblyName": "Volo.Abp.Core",
          "fullName": "Volo.Abp.Modularity.IPostConfigureServices"
        }
      ],
      "contentType": "abpModule",
      "name": "AbpPermissionManagementHttpApiModule",
      "summary": null
    },
    {
      "apis": [
        {
          "path": "api/permission-management/permissions",
          "method": "GET",
          "groupName": "Permissions",
          "responseType": "Volo.Abp.PermissionManagement.GetPermissionListResultDto",
          "responseTypeAsJson": "{\r\n  \"entityDisplayName\": \"string\",\r\n  \"groups\": [\r\n    {\r\n      \"name\": \"string\",\r\n      \"displayName\": \"string\",\r\n      \"displayNameKey\": \"string\",\r\n      \"displayNameResource\": \"string\",\r\n      \"permissions\": [\r\n        {\r\n          \"name\": \"string\",\r\n          \"displayName\": \"string\",\r\n          \"parentName\": \"string\",\r\n          \"isGranted\": false,\r\n          \"allowedProviders\": [\r\n            \"string\"\r\n          ],\r\n          \"grantedProviders\": [\r\n            {\r\n              \"providerName\": \"string\",\r\n              \"providerKey\": \"string\"\r\n            }\r\n          ]\r\n        }\r\n      ]\r\n    }\r\n  ]\r\n}",
          "parameterDescriptions": [
            {
              "name": "providerName",
              "type": "String"
            },
            {
              "name": "providerKey",
              "type": "String"
            }
          ]
        },
        {
          "path": "api/permission-management/permissions",
          "method": "PUT",
          "groupName": "Permissions",
          "responseType": "System.Void",
          "responseTypeAsJson": "",
          "parameterDescriptions": [
            {
              "name": "providerName",
              "type": "String"
            },
            {
              "name": "providerKey",
              "type": "String"
            },
            {
              "name": "input",
              "type": "UpdatePermissionsDto"
            }
          ]
        }
      ],
      "contentType": "httpApi",
      "name": "Defined Http Apis",
      "summary": null
    }
  ]
}