{
  "culture": "de",
  "texts": {
    "Settings": "Einstellungen",
    "SavedSuccessfully": "Erfolgreich gespeichert",
    "Permission:SettingManagement": "Einstellungsmanagement",
    "Permission:Emailing": "E-Mail senden",
    "Permission:EmailingTest": "E-Mail-Test",
    "Permission:TimeZone": "Zeitzone",
    "SendTestEmail": "Test-E-Mail senden",
    "SenderEmailAddress": "E-Mail-Adresse des Absenders",
    "TargetEmailAddress": "Ziel-E-Mail-Adresse",
    "Subject": "Thema",
    "Body": "Körper",
    "TestEmailSubject": "Test-E-Mail {0}",
    "TestEmailBody": "Testen Sie hier die E-Mail-Textnachricht",
    "SuccessfullySent": "Erfolgreich gesendet",
    "MailSendingFailed": "E-Mail-Versand fehlgeschlagen. Bitte überprüfen Sie Ihre E-Mail-Konfiguration und versuchen Sie es erneut.",
    "Send": "Schicken",
    "Menu:Emailing": "E-Mail senden",
    "Menu:TimeZone": "Zeitzone",
    "DisplayName:Timezone": "Zeitzone",
    "TimezoneHelpText": "Diese Einstellung wird anwendungsweit oder mandantenbasiert verwendet.",
    "SmtpHost": "Gastgeber",
    "SmtpPort": "Hafen",
    "SmtpUserName": "Nutzername",
    "SmtpPassword": "Passwort",
    "SmtpDomain": "Domain",
    "SmtpEnableSsl": "SSL aktivieren",
    "SmtpUseDefaultCredentials": "Verwenden Sie Standardanmeldeinformationen",
    "DefaultFromAddress": "Standard-Von-Adresse",
    "DefaultFromDisplayName": "Standardmäßig vom Anzeigenamen",
    "Feature:SettingManagementGroup": "Einstellungsmanagement",
    "Feature:SettingManagementEnable": "Aktivieren Sie die Einstellungsverwaltung",
    "Feature:SettingManagementEnableDescription": "Aktivieren Sie das Einstellungsverwaltungssystem in der Anwendung.",
    "Feature:AllowChangingEmailSettings": "Erlauben Sie das Ändern der E-Mail-Einstellungen.",
    "Feature:AllowChangingEmailSettingsDescription": "Erlauben Sie das Ändern der E-Mail-Einstellungen."
  }
}