{
  "culture": "en",
  "texts": {
    "Settings": "Settings",
    "SavedSuccessfully": "Saved successfully",
    "Permission:SettingManagement": "Setting management",
    "Permission:Emailing": "Emailing",
    "Permission:EmailingTest": "Emailing test",
    "Permission:TimeZone": "Time zone",
    "SendTestEmail": "Send test email",
    "SenderEmailAddress": "Sender email address",
    "TargetEmailAddress": "Target email address",
    "Subject": "Subject",
    "Body": "Body",
    "TestEmailSubject": "Test email {0}",
    "TestEmailBody": "Test email body message here",
    "SuccessfullySent": "Successfully sent",
    "MailSendingFailed": "Mail sending failed, please check your email configuration and try again.",
    "Send": "Send",
    "Menu:Emailing": "Emailing",
    "Menu:TimeZone": "Time Zone",
    "DisplayName:Timezone": "Time zone",
    "TimezoneHelpText": "This setting is used for application-wide or tenant-based.",
    "SmtpHost": "Host",
    "SmtpPort": "Port",
    "SmtpUserName": "User name",
    "SmtpPassword": "Password",
    "SmtpDomain": "Domain",
    "SmtpEnableSsl": "Enable ssl",
    "SmtpUseDefaultCredentials": "Use default credentials",
    "DefaultFromAddress": "Default from address",
    "DefaultFromDisplayName": "Default from display name",
    "Feature:SettingManagementGroup": "Setting management",
    "Feature:SettingManagementEnable": "Enable setting management",
    "Feature:SettingManagementEnableDescription": "Enable setting management system in the application.",
    "Feature:AllowChangingEmailSettings": "Allow changing email settings.",
    "Feature:AllowChangingEmailSettingsDescription": "Allow changing email settings."
  }
}
