{
  "name": "Volo.Abp.SettingManagement.Domain",
  "hash": "",
  "contents": [
    {
      "namespace": "Volo.Abp.SettingManagement",
      "dependsOnModules": [
        {
          "declaringAssemblyName": "Volo.Abp.Settings",
          "namespace": "Volo.Abp.Settings",
          "name": "AbpSettingsModule"
        },
        {
          "declaringAssemblyName": "Volo.Abp.Ddd.Domain",
          "namespace": "Volo.Abp.Domain",
          "name": "AbpDddDomainModule"
        },
        {
          "declaringAssemblyName": "Volo.Abp.SettingManagement.Domain.Shared",
          "namespace": "Volo.Abp.SettingManagement",
          "name": "AbpSettingManagementDomainSharedModule"
        },
        {
          "declaringAssemblyName": "Volo.Abp.Caching",
          "namespace": "Volo.Abp.Caching",
          "name": "AbpCachingModule"
        }
      ],
      "implementingInterfaces": [
        {
          "name": "IAbpModule",
          "namespace": "Volo.Abp.Modularity",
          "declaringAssemblyName": "Volo.Abp.Core",
          "fullName": "Volo.Abp.Modularity.IAbpModule"
        },
        {
          "name": "IOnPreApplicationInitialization",
          "namespace": "Volo.Abp.Modularity",
          "declaringAssemblyName": "Volo.Abp.Core",
          "fullName": "Volo.Abp.Modularity.IOnPreApplicationInitialization"
        },
        {
          "name": "IOnApplicationInitialization",
          "namespace": "Volo.Abp",
          "declaringAssemblyName": "Volo.Abp.Core",
          "fullName": "Volo.Abp.IOnApplicationInitialization"
        },
        {
          "name": "IOnPostApplicationInitialization",
          "namespace": "Volo.Abp.Modularity",
          "declaringAssemblyName": "Volo.Abp.Core",
          "fullName": "Volo.Abp.Modularity.IOnPostApplicationInitialization"
        },
        {
          "name": "IOnApplicationShutdown",
          "namespace": "Volo.Abp",
          "declaringAssemblyName": "Volo.Abp.Core",
          "fullName": "Volo.Abp.IOnApplicationShutdown"
        },
        {
          "name": "IPreConfigureServices",
          "namespace": "Volo.Abp.Modularity",
          "declaringAssemblyName": "Volo.Abp.Core",
          "fullName": "Volo.Abp.Modularity.IPreConfigureServices"
        },
        {
          "name": "IPostConfigureServices",
          "namespace": "Volo.Abp.Modularity",
          "declaringAssemblyName": "Volo.Abp.Core",
          "fullName": "Volo.Abp.Modularity.IPostConfigureServices"
        }
      ],
      "contentType": "abpModule",
      "name": "AbpSettingManagementDomainModule",
      "summary": null
    },
    {
      "baseClass": {
        "name": "Entity<Guid>",
        "namespace": "Volo.Abp.Domain.Entities",
        "declaringAssemblyName": "Volo.Abp.Ddd.Domain",
        "fullName": "Volo.Abp.Domain.Entities.Entity<Guid>"
      },
      "implementingInterfaces": [
        {
          "name": "IEntity",
          "namespace": "Volo.Abp.Domain.Entities",
          "declaringAssemblyName": "Volo.Abp.Ddd.Domain",
          "fullName": "Volo.Abp.Domain.Entities.IEntity"
        },
        {
          "name": "IEntity<Guid>",
          "namespace": "Volo.Abp.Domain.Entities",
          "declaringAssemblyName": "Volo.Abp.Ddd.Domain",
          "fullName": "Volo.Abp.Domain.Entities.IEntity<Guid>"
        },
        {
          "name": "IAggregateRoot<Guid>",
          "namespace": "Volo.Abp.Domain.Entities",
          "declaringAssemblyName": "Volo.Abp.Ddd.Domain",
          "fullName": "Volo.Abp.Domain.Entities.IAggregateRoot<Guid>"
        },
        {
          "name": "IAggregateRoot",
          "namespace": "Volo.Abp.Domain.Entities",
          "declaringAssemblyName": "Volo.Abp.Ddd.Domain",
          "fullName": "Volo.Abp.Domain.Entities.IAggregateRoot"
        }
      ],
      "methods": [
        {
          "returnType": "String",
          "namespace": "Volo.Abp.SettingManagement",
          "name": "ToString",
          "summary": null,
          "isAsync": false,
          "isPublic": true,
          "isPrivate": false,
          "isStatic": false,
          "parameters": []
        }
      ],
      "collectionProperties": {},
      "navigationProperties": {},
      "namespace": "Volo.Abp.SettingManagement",
      "primaryKeyType": "Guid",
      "properties": [
        {
          "type": "System.String",
          "name": "Name",
          "summary": null
        },
        {
          "type": "System.String",
          "name": "Value",
          "summary": null
        },
        {
          "type": "System.String",
          "name": "ProviderName",
          "summary": null
        },
        {
          "type": "System.String",
          "name": "ProviderKey",
          "summary": null
        }
      ],
      "contentType": "aggregateRoot",
      "name": "Setting",
      "summary": null
    },
    {
      "baseClass": {
        "name": "BasicAggregateRoot<Guid>",
        "namespace": "Volo.Abp.Domain.Entities",
        "declaringAssemblyName": "Volo.Abp.Ddd.Domain",
        "fullName": "Volo.Abp.Domain.Entities.BasicAggregateRoot<Guid>"
      },
      "implementingInterfaces": [
        {
          "name": "IEntity",
          "namespace": "Volo.Abp.Domain.Entities",
          "declaringAssemblyName": "Volo.Abp.Ddd.Domain",
          "fullName": "Volo.Abp.Domain.Entities.IEntity"
        },
        {
          "name": "IEntity<Guid>",
          "namespace": "Volo.Abp.Domain.Entities",
          "declaringAssemblyName": "Volo.Abp.Ddd.Domain",
          "fullName": "Volo.Abp.Domain.Entities.IEntity<Guid>"
        },
        {
          "name": "IAggregateRoot<Guid>",
          "namespace": "Volo.Abp.Domain.Entities",
          "declaringAssemblyName": "Volo.Abp.Ddd.Domain",
          "fullName": "Volo.Abp.Domain.Entities.IAggregateRoot<Guid>"
        },
        {
          "name": "IAggregateRoot",
          "namespace": "Volo.Abp.Domain.Entities",
          "declaringAssemblyName": "Volo.Abp.Ddd.Domain",
          "fullName": "Volo.Abp.Domain.Entities.IAggregateRoot"
        },
        {
          "name": "IGeneratesDomainEvents",
          "namespace": "Volo.Abp.Domain.Entities",
          "declaringAssemblyName": "Volo.Abp.Ddd.Domain",
          "fullName": "Volo.Abp.Domain.Entities.IGeneratesDomainEvents"
        },
        {
          "name": "IHasExtraProperties",
          "namespace": "Volo.Abp.Data",
          "declaringAssemblyName": "Volo.Abp.ObjectExtending",
          "fullName": "Volo.Abp.Data.IHasExtraProperties"
        }
      ],
      "methods": [
        {
          "returnType": "Boolean",
          "namespace": "Volo.Abp.SettingManagement",
          "name": "HasSameData",
          "summary": null,
          "isAsync": false,
          "isPublic": true,
          "isPrivate": false,
          "isStatic": false,
          "parameters": [
            {
              "type": "SettingDefinitionRecord",
              "name": "otherRecord",
              "isOptional": false
            }
          ]
        },
        {
          "returnType": "Void",
          "namespace": "Volo.Abp.SettingManagement",
          "name": "Patch",
          "summary": null,
          "isAsync": false,
          "isPublic": true,
          "isPrivate": false,
          "isStatic": false,
          "parameters": [
            {
              "type": "SettingDefinitionRecord",
              "name": "otherRecord",
              "isOptional": false
            }
          ]
        }
      ],
      "collectionProperties": {},
      "navigationProperties": {},
      "namespace": "Volo.Abp.SettingManagement",
      "primaryKeyType": "Guid",
      "properties": [
        {
          "type": "System.String",
          "name": "Name",
          "summary": "Unique name of the setting."
        },
        {
          "type": "System.String",
          "name": "DisplayName",
          "summary": null
        },
        {
          "type": "System.String",
          "name": "Description",
          "summary": null
        },
        {
          "type": "System.String",
          "name": "DefaultValue",
          "summary": "Default value of the setting."
        },
        {
          "type": "System.Boolean",
          "name": "IsVisibleToClients",
          "summary": "Can clients see this setting and it's value.\r\n            It maybe dangerous for some settings to be visible to clients (such as an email server password).\r\n            Default: false."
        },
        {
          "type": "System.String",
          "name": "Providers",
          "summary": "Comma separated list of provider names."
        },
        {
          "type": "System.Boolean",
          "name": "IsInherited",
          "summary": "Is this setting inherited from parent scopes.\r\n            Default: True."
        },
        {
          "type": "System.Boolean",
          "name": "IsEncrypted",
          "summary": "Is this setting stored as encrypted in the data source.\r\n            Default: False."
        },
        {
          "type": "Volo.Abp.Data.ExtraPropertyDictionary",
          "name": "ExtraProperties",
          "summary": null
        }
      ],
      "contentType": "aggregateRoot",
      "name": "SettingDefinitionRecord",
      "summary": null
    },
    {
      "namespace": "Volo.Abp.SettingManagement",
      "entityAnalyzeModel": {
        "namespace": "Volo.Abp.SettingManagement",
        "primaryKeyType": "Guid",
        "properties": [],
        "contentType": "entity",
        "name": "SettingDefinitionRecord",
        "summary": null
      },
      "implementingInterfaces": [
        {
          "name": "IBasicRepository<SettingDefinitionRecord, Guid>",
          "namespace": "Volo.Abp.Domain.Repositories",
          "declaringAssemblyName": "Volo.Abp.Ddd.Domain",
          "fullName": "Volo.Abp.Domain.Repositories.IBasicRepository<SettingDefinitionRecord, Guid>"
        },
        {
          "name": "IBasicRepository<SettingDefinitionRecord>",
          "namespace": "Volo.Abp.Domain.Repositories",
          "declaringAssemblyName": "Volo.Abp.Ddd.Domain",
          "fullName": "Volo.Abp.Domain.Repositories.IBasicRepository<SettingDefinitionRecord>"
        },
        {
          "name": "IReadOnlyBasicRepository<SettingDefinitionRecord>",
          "namespace": "Volo.Abp.Domain.Repositories",
          "declaringAssemblyName": "Volo.Abp.Ddd.Domain",
          "fullName": "Volo.Abp.Domain.Repositories.IReadOnlyBasicRepository<SettingDefinitionRecord>"
        },
        {
          "name": "IRepository",
          "namespace": "Volo.Abp.Domain.Repositories",
          "declaringAssemblyName": "Volo.Abp.Ddd.Domain",
          "fullName": "Volo.Abp.Domain.Repositories.IRepository"
        },
        {
          "name": "IReadOnlyBasicRepository<SettingDefinitionRecord, Guid>",
          "namespace": "Volo.Abp.Domain.Repositories",
          "declaringAssemblyName": "Volo.Abp.Ddd.Domain",
          "fullName": "Volo.Abp.Domain.Repositories.IReadOnlyBasicRepository<SettingDefinitionRecord, Guid>"
        }
      ],
      "methods": [
        {
          "returnType": "SettingDefinitionRecord",
          "namespace": "Volo.Abp.SettingManagement",
          "name": "FindByNameAsync",
          "summary": null,
          "isAsync": true,
          "isPublic": true,
          "isPrivate": false,
          "isStatic": false,
          "parameters": [
            {
              "type": "String",
              "name": "name",
              "isOptional": false
            },
            {
              "type": "CancellationToken",
              "name": "cancellationToken",
              "isOptional": true
            }
          ]
        }
      ],
      "contentType": "repositoryInterface",
      "name": "ISettingDefinitionRecordRepository",
      "summary": null
    },
    {
      "namespace": "Volo.Abp.SettingManagement",
      "entityAnalyzeModel": {
        "namespace": "Volo.Abp.SettingManagement",
        "primaryKeyType": "Guid",
        "properties": [],
        "contentType": "entity",
        "name": "Setting",
        "summary": null
      },
      "implementingInterfaces": [
        {
          "name": "IBasicRepository<Setting, Guid>",
          "namespace": "Volo.Abp.Domain.Repositories",
          "declaringAssemblyName": "Volo.Abp.Ddd.Domain",
          "fullName": "Volo.Abp.Domain.Repositories.IBasicRepository<Setting, Guid>"
        },
        {
          "name": "IBasicRepository<Setting>",
          "namespace": "Volo.Abp.Domain.Repositories",
          "declaringAssemblyName": "Volo.Abp.Ddd.Domain",
          "fullName": "Volo.Abp.Domain.Repositories.IBasicRepository<Setting>"
        },
        {
          "name": "IReadOnlyBasicRepository<Setting>",
          "namespace": "Volo.Abp.Domain.Repositories",
          "declaringAssemblyName": "Volo.Abp.Ddd.Domain",
          "fullName": "Volo.Abp.Domain.Repositories.IReadOnlyBasicRepository<Setting>"
        },
        {
          "name": "IRepository",
          "namespace": "Volo.Abp.Domain.Repositories",
          "declaringAssemblyName": "Volo.Abp.Ddd.Domain",
          "fullName": "Volo.Abp.Domain.Repositories.IRepository"
        },
        {
          "name": "IReadOnlyBasicRepository<Setting, Guid>",
          "namespace": "Volo.Abp.Domain.Repositories",
          "declaringAssemblyName": "Volo.Abp.Ddd.Domain",
          "fullName": "Volo.Abp.Domain.Repositories.IReadOnlyBasicRepository<Setting, Guid>"
        }
      ],
      "methods": [
        {
          "returnType": "Setting",
          "namespace": "Volo.Abp.SettingManagement",
          "name": "FindAsync",
          "summary": null,
          "isAsync": true,
          "isPublic": true,
          "isPrivate": false,
          "isStatic": false,
          "parameters": [
            {
              "type": "String",
              "name": "name",
              "isOptional": false
            },
            {
              "type": "String",
              "name": "providerName",
              "isOptional": false
            },
            {
              "type": "String",
              "name": "providerKey",
              "isOptional": false
            },
            {
              "type": "CancellationToken",
              "name": "cancellationToken",
              "isOptional": true
            }
          ]
        },
        {
          "returnType": "List<Setting>",
          "namespace": "Volo.Abp.SettingManagement",
          "name": "GetListAsync",
          "summary": null,
          "isAsync": true,
          "isPublic": true,
          "isPrivate": false,
          "isStatic": false,
          "parameters": [
            {
              "type": "String",
              "name": "providerName",
              "isOptional": false
            },
            {
              "type": "String",
              "name": "providerKey",
              "isOptional": false
            },
            {
              "type": "CancellationToken",
              "name": "cancellationToken",
              "isOptional": true
            }
          ]
        },
        {
          "returnType": "List<Setting>",
          "namespace": "Volo.Abp.SettingManagement",
          "name": "GetListAsync",
          "summary": null,
          "isAsync": true,
          "isPublic": true,
          "isPrivate": false,
          "isStatic": false,
          "parameters": [
            {
              "type": "String[]",
              "name": "names",
              "isOptional": false
            },
            {
              "type": "String",
              "name": "providerName",
              "isOptional": false
            },
            {
              "type": "String",
              "name": "providerKey",
              "isOptional": false
            },
            {
              "type": "CancellationToken",
              "name": "cancellationToken",
              "isOptional": true
            }
          ]
        }
      ],
      "contentType": "repositoryInterface",
      "name": "ISettingRepository",
      "summary": null
    }
  ]
}